danceability,energy,key,loudness,mode,speechiness,acousticness,instrumentalness,liveness,valence,tempo,type,id,uri,track_href,analysis_url,duration_ms,time_signature,label
0.664,0.675,9,-6.858,1,0.0359,0.624,5.29e-05,0.848,0.745,132.042,audio_features,1gJJghkaqrRTk9WwmyEwyd,spotify:track:1gJJghkaqrRTk9WwmyEwyd,https://api.spotify.com/v1/tracks/1gJJghkaqrRTk9WwmyEwyd,https://api.spotify.com/v1/audio-analysis/1gJJghkaqrRTk9WwmyEwyd,209320,4,0
0.796,0.588,7,-7.986,0,0.041,0.0128,0.0,0.099,0.668,125.289,audio_features,7aP6GXrxvq0836pzL4kHK8,spotify:track:7aP6GXrxvq0836pzL4kHK8,https://api.spotify.com/v1/tracks/7aP6GXrxvq0836pzL4kHK8,https://api.spotify.com/v1/audio-analysis/7aP6GXrxvq0836pzL4kHK8,319240,4,2
0.604,0.82,10,-4.927,0,0.0401,0.144,0.000133,0.109,0.427,105.019,audio_features,1UvWx2hgpxlF7HPbwLSmIY,spotify:track:1UvWx2hgpxlF7HPbwLSmIY,https://api.spotify.com/v1/tracks/1UvWx2hgpxlF7HPbwLSmIY,https://api.spotify.com/v1/audio-analysis/1UvWx2hgpxlF7HPbwLSmIY,419520,4,4
0.663,0.168,0,-13.725,1,0.0448,0.928,5.68e-05,0.361,0.678,85.005,audio_features,25U7raB3ZSszayTYClh4hF,spotify:track:25U7raB3ZSszayTYClh4hF,https://api.spotify.com/v1/tracks/25U7raB3ZSszayTYClh4hF,https://api.spotify.com/v1/audio-analysis/25U7raB3ZSszayTYClh4hF,308027,4,6
0.776,0.559,6,-8.375,0,0.103,0.11,0.0,0.0671,0.758,122.242,audio_features,6JRLFiX9NJSoRRKxowlBYr,spotify:track:6JRLFiX9NJSoRRKxowlBYr,https://api.spotify.com/v1/tracks/6JRLFiX9NJSoRRKxowlBYr,https://api.spotify.com/v1/audio-analysis/6JRLFiX9NJSoRRKxowlBYr,232200,4,8
0.751,0.675,9,-6.177,0,0.105,0.258,0.0,0.0704,0.852,71.997,audio_features,6B8pYtoS3XHrc821hExWf6,spotify:track:6B8pYtoS3XHrc821hExWf6,https://api.spotify.com/v1/tracks/6B8pYtoS3XHrc821hExWf6,https://api.spotify.com/v1/audio-analysis/6B8pYtoS3XHrc821hExWf6,240294,4,10
0.576,0.807,6,-3.908,0,0.317,0.353,0.000363,0.0512,0.908,90.012,audio_features,41bIQPBE1lFN0mmw6Lmssz,spotify:track:41bIQPBE1lFN0mmw6Lmssz,https://api.spotify.com/v1/tracks/41bIQPBE1lFN0mmw6Lmssz,https://api.spotify.com/v1/audio-analysis/41bIQPBE1lFN0mmw6Lmssz,224427,4,12
0.681,0.705,8,-6.137,0,0.0611,0.0921,0.0,0.0862,0.901,154.09,audio_features,7GISFrn8cBIZIQRHCEiYs5,spotify:track:7GISFrn8cBIZIQRHCEiYs5,https://api.spotify.com/v1/tracks/7GISFrn8cBIZIQRHCEiYs5,https://api.spotify.com/v1/audio-analysis/7GISFrn8cBIZIQRHCEiYs5,309803,4,14
0.841,0.728,7,-3.37,1,0.0484,0.0847,0.0,0.149,0.43,130.049,audio_features,6gBFPUFcJLzWGx4lenP6h2,spotify:track:6gBFPUFcJLzWGx4lenP6h2,https://api.spotify.com/v1/tracks/6gBFPUFcJLzWGx4lenP6h2,https://api.spotify.com/v1/audio-analysis/6gBFPUFcJLzWGx4lenP6h2,243837,4,16
0.819,0.721,1,-4.295,1,0.344,0.483,0.0,0.188,0.728,86.042,audio_features,2tR8iLdCeYhVcyPZvN6T7X,spotify:track:2tR8iLdCeYhVcyPZvN6T7X,https://api.spotify.com/v1/tracks/2tR8iLdCeYhVcyPZvN6T7X,https://api.spotify.com/v1/audio-analysis/2tR8iLdCeYhVcyPZvN6T7X,377613,4,18
0.576,0.565,9,-6.368,0,0.384,0.578,0.0,0.194,0.354,140.341,audio_features,46h2Z0b21xC1gzluNeCiVG,spotify:track:46h2Z0b21xC1gzluNeCiVG,https://api.spotify.com/v1/tracks/46h2Z0b21xC1gzluNeCiVG,https://api.spotify.com/v1/audio-analysis/46h2Z0b21xC1gzluNeCiVG,210517,4,20
0.861,0.705,4,-5.906,0,0.424,0.235,0.0,0.306,0.699,88.052,audio_features,2DCmiAMyZGPLiDh47Upi9Z,spotify:track:2DCmiAMyZGPLiDh47Upi9Z,https://api.spotify.com/v1/tracks/2DCmiAMyZGPLiDh47Upi9Z,https://api.spotify.com/v1/audio-analysis/2DCmiAMyZGPLiDh47Upi9Z,223892,4,22
0.697,0.58,7,-7.388,1,0.299,0.22,0.0,0.0824,0.546,82.004,audio_features,2Kk7b7iKXhFETUvKD4LaHS,spotify:track:2Kk7b7iKXhFETUvKD4LaHS,https://api.spotify.com/v1/tracks/2Kk7b7iKXhFETUvKD4LaHS,https://api.spotify.com/v1/audio-analysis/2Kk7b7iKXhFETUvKD4LaHS,177077,4,24
0.411,0.924,2,-1.777,0,0.292,0.201,0.0,0.15,0.678,150.3,audio_features,5svioJ5BlJIYfQFPT1eq7v,spotify:track:5svioJ5BlJIYfQFPT1eq7v,https://api.spotify.com/v1/tracks/5svioJ5BlJIYfQFPT1eq7v,https://api.spotify.com/v1/audio-analysis/5svioJ5BlJIYfQFPT1eq7v,491054,3,26
0.851,0.544,11,-6.428,1,0.13,0.55,0.0,0.0909,0.723,125.075,audio_features,7fxrvStpH0qyh6iHXoSZ31,spotify:track:7fxrvStpH0qyh6iHXoSZ31,https://api.spotify.com/v1/tracks/7fxrvStpH0qyh6iHXoSZ31,https://api.spotify.com/v1/audio-analysis/7fxrvStpH0qyh6iHXoSZ31,247702,4,28
0.744,0.697,8,-14.753,1,0.0631,0.039,0.0,0.171,0.683,119.955,audio_features,1KONmY3enP3r3nIPQidWAy,spotify:track:1KONmY3enP3r3nIPQidWAy,https://api.spotify.com/v1/tracks/1KONmY3enP3r3nIPQidWAy,https://api.spotify.com/v1/audio-analysis/1KONmY3enP3r3nIPQidWAy,258200,4,30
0.787,0.728,0,-7.705,1,0.218,0.0124,0.0,0.157,0.94,173.026,audio_features,1SssFw74DdHVjRa6ADggdD,spotify:track:1SssFw74DdHVjRa6ADggdD,https://api.spotify.com/v1/tracks/1SssFw74DdHVjRa6ADggdD,https://api.spotify.com/v1/audio-analysis/1SssFw74DdHVjRa6ADggdD,227067,4,32
0.794,0.711,8,-5.124,0,0.0699,0.3,0.0,0.0955,0.955,174.915,audio_features,386RUes7n1uM1yfzgeUuwp,spotify:track:386RUes7n1uM1yfzgeUuwp,https://api.spotify.com/v1/tracks/386RUes7n1uM1yfzgeUuwp,https://api.spotify.com/v1/audio-analysis/386RUes7n1uM1yfzgeUuwp,189109,4,34
0.675,0.166,11,-22.602,1,0.171,0.88,7.14e-05,0.0461,0.747,68.837,audio_features,23EmReYCtIOWmBFjyaNXyf,spotify:track:23EmReYCtIOWmBFjyaNXyf,https://api.spotify.com/v1/tracks/23EmReYCtIOWmBFjyaNXyf,https://api.spotify.com/v1/audio-analysis/23EmReYCtIOWmBFjyaNXyf,294400,4,36
0.756,0.558,4,-16.157,1,0.0476,0.162,5.5e-06,0.0748,0.802,97.002,audio_features,2jpYXdWD2wf8Mt56iyehpP,spotify:track:2jpYXdWD2wf8Mt56iyehpP,https://api.spotify.com/v1/tracks/2jpYXdWD2wf8Mt56iyehpP,https://api.spotify.com/v1/audio-analysis/2jpYXdWD2wf8Mt56iyehpP,220027,4,38
0.631,0.846,7,-7.271,0,0.0638,0.0701,8.38e-06,0.367,0.737,96.651,audio_features,4tQP5dygE0GaWRo65ZqdHl,spotify:track:4tQP5dygE0GaWRo65ZqdHl,https://api.spotify.com/v1/tracks/4tQP5dygE0GaWRo65ZqdHl,https://api.spotify.com/v1/audio-analysis/4tQP5dygE0GaWRo65ZqdHl,261600,4,40
0.805,0.418,7,-14.374,1,0.0979,0.459,0.0,0.288,0.966,149.724,audio_features,1BkY0N8ChFk2mdLbAUu8ZK,spotify:track:1BkY0N8ChFk2mdLbAUu8ZK,https://api.spotify.com/v1/tracks/1BkY0N8ChFk2mdLbAUu8ZK,https://api.spotify.com/v1/audio-analysis/1BkY0N8ChFk2mdLbAUu8ZK,205427,4,42
0.618,0.748,0,-8.905,1,0.358,0.0384,4.1e-06,0.0473,0.663,134.114,audio_features,3EYOJ48Et32uATr9ZmLnAo,spotify:track:3EYOJ48Et32uATr9ZmLnAo,https://api.spotify.com/v1/tracks/3EYOJ48Et32uATr9ZmLnAo,https://api.spotify.com/v1/audio-analysis/3EYOJ48Et32uATr9ZmLnAo,191947,4,44
0.768,0.754,10,-4.327,0,0.164,0.255,0.0,0.301,0.506,83.015,audio_features,4M7bbRsVNB8iWQaX8Sbfln,spotify:track:4M7bbRsVNB8iWQaX8Sbfln,https://api.spotify.com/v1/tracks/4M7bbRsVNB8iWQaX8Sbfln,https://api.spotify.com/v1/audio-analysis/4M7bbRsVNB8iWQaX8Sbfln,339773,4,46
0.691,0.668,6,-3.355,0,0.0702,0.121,9.35e-06,0.0613,0.893,152.097,audio_features,0AsfpL8bzbmEyJsfbPPYnj,spotify:track:0AsfpL8bzbmEyJsfbPPYnj,https://api.spotify.com/v1/tracks/0AsfpL8bzbmEyJsfbPPYnj,https://api.spotify.com/v1/audio-analysis/0AsfpL8bzbmEyJsfbPPYnj,252227,4,48
0.783,0.651,9,-6.757,0,0.0338,0.503,1.31e-05,0.121,0.643,101.015,audio_features,5lKHrBigpyKZM6uMvbOGh2,spotify:track:5lKHrBigpyKZM6uMvbOGh2,https://api.spotify.com/v1/tracks/5lKHrBigpyKZM6uMvbOGh2,https://api.spotify.com/v1/audio-analysis/5lKHrBigpyKZM6uMvbOGh2,332653,4,50
0.773,0.522,7,-10.747,1,0.0922,0.0887,0.124,0.0616,0.427,98.395,audio_features,7E1duSMvHGUcYRgwrMZOUf,spotify:track:7E1duSMvHGUcYRgwrMZOUf,https://api.spotify.com/v1/tracks/7E1duSMvHGUcYRgwrMZOUf,https://api.spotify.com/v1/audio-analysis/7E1duSMvHGUcYRgwrMZOUf,333107,4,52
0.523,0.489,1,-10.043,0,0.0301,0.352,0.24,0.108,0.325,77.37,audio_features,3QI5bIozef0HZ1kJnA2RdT,spotify:track:3QI5bIozef0HZ1kJnA2RdT,https://api.spotify.com/v1/tracks/3QI5bIozef0HZ1kJnA2RdT,https://api.spotify.com/v1/audio-analysis/3QI5bIozef0HZ1kJnA2RdT,273040,4,54
0.629,0.808,1,-6.939,0,0.0578,0.578,0.0,0.109,0.779,155.887,audio_features,2ZWxngKhr90tiStZ2LUWQ8,spotify:track:2ZWxngKhr90tiStZ2LUWQ8,https://api.spotify.com/v1/tracks/2ZWxngKhr90tiStZ2LUWQ8,https://api.spotify.com/v1/audio-analysis/2ZWxngKhr90tiStZ2LUWQ8,172694,4,56
0.54,0.932,9,-4.201,1,0.0625,0.343,0.0,0.905,0.554,176.025,audio_features,6OHGjBE0LvIGTlRP7KMpdh,spotify:track:6OHGjBE0LvIGTlRP7KMpdh,https://api.spotify.com/v1/tracks/6OHGjBE0LvIGTlRP7KMpdh,https://api.spotify.com/v1/audio-analysis/6OHGjBE0LvIGTlRP7KMpdh,327017,4,58
0.554,0.638,9,-6.449,1,0.0493,0.583,0.0,0.079,0.807,167.937,audio_features,14uWxelOuAUajP8fDvc0Ct,spotify:track:14uWxelOuAUajP8fDvc0Ct,https://api.spotify.com/v1/tracks/14uWxelOuAUajP8fDvc0Ct,https://api.spotify.com/v1/audio-analysis/14uWxelOuAUajP8fDvc0Ct,220438,4,60
0.563,0.839,7,-6.596,0,0.0488,0.766,0.0,0.873,0.651,160.029,audio_features,2iH7RnVhofwr9NhaQ6r44K,spotify:track:2iH7RnVhofwr9NhaQ6r44K,https://api.spotify.com/v1/tracks/2iH7RnVhofwr9NhaQ6r44K,https://api.spotify.com/v1/audio-analysis/2iH7RnVhofwr9NhaQ6r44K,227413,4,62
0.778,0.786,0,-8.463,1,0.0491,0.157,0.0,0.349,0.883,96.038,audio_features,5M8rc7DOM5MW1F8eP0OX9a,spotify:track:5M8rc7DOM5MW1F8eP0OX9a,https://api.spotify.com/v1/tracks/5M8rc7DOM5MW1F8eP0OX9a,https://api.spotify.com/v1/audio-analysis/5M8rc7DOM5MW1F8eP0OX9a,170120,4,64
0.719,0.953,5,-4.89,0,0.0527,0.566,8.28e-06,0.659,0.725,109.001,audio_features,7ezk6Fzan6hPpT6XqiJNWS,spotify:track:7ezk6Fzan6hPpT6XqiJNWS,https://api.spotify.com/v1/tracks/7ezk6Fzan6hPpT6XqiJNWS,https://api.spotify.com/v1/audio-analysis/7ezk6Fzan6hPpT6XqiJNWS,190400,4,66
0.455,0.888,11,-7.744,1,0.0763,0.194,1.86e-05,0.764,0.593,104.919,audio_features,1JISGjYOQoiJe6xc7CWnQo,spotify:track:1JISGjYOQoiJe6xc7CWnQo,https://api.spotify.com/v1/tracks/1JISGjYOQoiJe6xc7CWnQo,https://api.spotify.com/v1/audio-analysis/1JISGjYOQoiJe6xc7CWnQo,206920,4,68
0.653,0.931,10,-5.569,1,0.0794,0.593,0.0,0.955,0.579,95.982,audio_features,3flxltmjtskiHFIybmwAa7,spotify:track:3flxltmjtskiHFIybmwAa7,https://api.spotify.com/v1/tracks/3flxltmjtskiHFIybmwAa7,https://api.spotify.com/v1/audio-analysis/3flxltmjtskiHFIybmwAa7,206813,4,70
0.611,0.771,2,-8.938,1,0.103,0.7,1.27e-06,0.953,0.943,167.587,audio_features,26oOM9isvepAvP8xD4Qbcn,spotify:track:26oOM9isvepAvP8xD4Qbcn,https://api.spotify.com/v1/tracks/26oOM9isvepAvP8xD4Qbcn,https://api.spotify.com/v1/audio-analysis/26oOM9isvepAvP8xD4Qbcn,197093,4,72
0.48,0.84,7,-9.152,0,0.0727,0.325,0.0,0.95,0.675,75.802,audio_features,70wHJTH7M64u5NBrdKBKFl,spotify:track:70wHJTH7M64u5NBrdKBKFl,https://api.spotify.com/v1/tracks/70wHJTH7M64u5NBrdKBKFl,https://api.spotify.com/v1/audio-analysis/70wHJTH7M64u5NBrdKBKFl,230160,4,74
0.571,0.746,7,-6.524,1,0.034,0.744,0.0,0.846,0.809,81.973,audio_features,0j1syF5BFSty3vFoaj0vsX,spotify:track:0j1syF5BFSty3vFoaj0vsX,https://api.spotify.com/v1/tracks/0j1syF5BFSty3vFoaj0vsX,https://api.spotify.com/v1/audio-analysis/0j1syF5BFSty3vFoaj0vsX,225040,4,76
0.579,0.913,5,-5.866,1,0.0639,0.4,0.0,0.37,0.942,117.129,audio_features,0rOQyLZJ9oASgtdoDZgrmK,spotify:track:0rOQyLZJ9oASgtdoDZgrmK,https://api.spotify.com/v1/tracks/0rOQyLZJ9oASgtdoDZgrmK,https://api.spotify.com/v1/audio-analysis/0rOQyLZJ9oASgtdoDZgrmK,233387,4,78
0.517,0.707,2,-6.91,1,0.0417,0.672,0.0,0.986,0.607,143.974,audio_features,7vg4ESJLw2k57MrAh4AsJF,spotify:track:7vg4ESJLw2k57MrAh4AsJF,https://api.spotify.com/v1/tracks/7vg4ESJLw2k57MrAh4AsJF,https://api.spotify.com/v1/audio-analysis/7vg4ESJLw2k57MrAh4AsJF,234576,4,80
0.553,0.882,7,-5.574,1,0.0884,0.581,1.19e-06,0.975,0.574,89.614,audio_features,6o225QFFaqc0KAF9hZzAVc,spotify:track:6o225QFFaqc0KAF9hZzAVc,https://api.spotify.com/v1/tracks/6o225QFFaqc0KAF9hZzAVc,https://api.spotify.com/v1/audio-analysis/6o225QFFaqc0KAF9hZzAVc,440619,4,82
0.735,0.776,11,-10.06,1,0.233,0.593,0.0,0.175,0.899,104.821,audio_features,7bdhM9AJqWAIHooF4sh3wW,spotify:track:7bdhM9AJqWAIHooF4sh3wW,https://api.spotify.com/v1/tracks/7bdhM9AJqWAIHooF4sh3wW,https://api.spotify.com/v1/audio-analysis/7bdhM9AJqWAIHooF4sh3wW,277933,4,84
0.723,0.694,0,-6.694,1,0.0802,0.313,0.0,0.052,0.739,106.359,audio_features,7lzfMZak2HjNPXXSxksjPB,spotify:track:7lzfMZak2HjNPXXSxksjPB,https://api.spotify.com/v1/tracks/7lzfMZak2HjNPXXSxksjPB,https://api.spotify.com/v1/audio-analysis/7lzfMZak2HjNPXXSxksjPB,168948,4,86
0.596,0.451,5,-9.468,1,0.0404,0.64,3.52e-06,0.158,0.486,148.045,audio_features,5Ikos3uiBfPYAf7EZfz8t3,spotify:track:5Ikos3uiBfPYAf7EZfz8t3,https://api.spotify.com/v1/tracks/5Ikos3uiBfPYAf7EZfz8t3,https://api.spotify.com/v1/audio-analysis/5Ikos3uiBfPYAf7EZfz8t3,228133,4,88
0.564,0.905,6,-7.647,0,0.102,0.648,0.0,0.416,0.808,110.042,audio_features,2bPHklEGDcE8Gf7lMZZW5g,spotify:track:2bPHklEGDcE8Gf7lMZZW5g,https://api.spotify.com/v1/tracks/2bPHklEGDcE8Gf7lMZZW5g,https://api.spotify.com/v1/audio-analysis/2bPHklEGDcE8Gf7lMZZW5g,173707,4,90
0.613,0.711,2,-7.046,1,0.193,0.599,0.0,0.655,0.853,97.098,audio_features,5BSflJ1ehYRK7cqn9hrYGd,spotify:track:5BSflJ1ehYRK7cqn9hrYGd,https://api.spotify.com/v1/tracks/5BSflJ1ehYRK7cqn9hrYGd,https://api.spotify.com/v1/audio-analysis/5BSflJ1ehYRK7cqn9hrYGd,202627,4,92
0.677,0.862,2,-8.156,1,0.142,0.12,0.0,0.979,0.863,109.713,audio_features,0Urt7qiCvbK3MXTGWhN0SE,spotify:track:0Urt7qiCvbK3MXTGWhN0SE,https://api.spotify.com/v1/tracks/0Urt7qiCvbK3MXTGWhN0SE,https://api.spotify.com/v1/audio-analysis/0Urt7qiCvbK3MXTGWhN0SE,229453,4,94
0.73,0.361,11,-16.401,0,0.0574,0.329,0.0,0.345,0.751,132.164,audio_features,5mVYvilgRiCvztnnjGW0Ef,spotify:track:5mVYvilgRiCvztnnjGW0Ef,https://api.spotify.com/v1/tracks/5mVYvilgRiCvztnnjGW0Ef,https://api.spotify.com/v1/audio-analysis/5mVYvilgRiCvztnnjGW0Ef,196493,4,96
0.674,0.419,7,-12.413,0,0.268,0.747,0.0,0.0797,0.87,150.131,audio_features,7fs6csqE3EltCrESv6cn0J,spotify:track:7fs6csqE3EltCrESv6cn0J,https://api.spotify.com/v1/tracks/7fs6csqE3EltCrESv6cn0J,https://api.spotify.com/v1/audio-analysis/7fs6csqE3EltCrESv6cn0J,144760,4,98
0.735,0.783,2,-11.895,1,0.345,0.327,0.0,0.19,0.829,94.488,audio_features,57E1ka54d8zrIy0VzE1EAV,spotify:track:57E1ka54d8zrIy0VzE1EAV,https://api.spotify.com/v1/tracks/57E1ka54d8zrIy0VzE1EAV,https://api.spotify.com/v1/audio-analysis/57E1ka54d8zrIy0VzE1EAV,153440,4,100
0.552,0.883,2,-6.874,0,0.163,0.514,0.0,0.977,0.711,115.046,audio_features,5gaaYjMifOCZX72OtAuP8H,spotify:track:5gaaYjMifOCZX72OtAuP8H,https://api.spotify.com/v1/tracks/5gaaYjMifOCZX72OtAuP8H,https://api.spotify.com/v1/audio-analysis/5gaaYjMifOCZX72OtAuP8H,270307,4,102
0.625,0.702,2,-7.615,1,0.0349,0.569,0.0,0.0881,0.715,160.112,audio_features,3ys00KMmd7UQ2EKlwqmMrp,spotify:track:3ys00KMmd7UQ2EKlwqmMrp,https://api.spotify.com/v1/tracks/3ys00KMmd7UQ2EKlwqmMrp,https://api.spotify.com/v1/audio-analysis/3ys00KMmd7UQ2EKlwqmMrp,194625,4,104
0.609,0.776,7,-8.464,1,0.0484,0.674,0.0,0.289,0.808,164.884,audio_features,73qdxqaA7MDAtchtyx3vr9,spotify:track:73qdxqaA7MDAtchtyx3vr9,https://api.spotify.com/v1/tracks/73qdxqaA7MDAtchtyx3vr9,https://api.spotify.com/v1/audio-analysis/73qdxqaA7MDAtchtyx3vr9,157419,4,106
0.51,0.679,9,-6.154,1,0.0362,0.694,0.0,0.497,0.788,91.796,audio_features,3th4tYA5cZYNVAW0y5WgRX,spotify:track:3th4tYA5cZYNVAW0y5WgRX,https://api.spotify.com/v1/tracks/3th4tYA5cZYNVAW0y5WgRX,https://api.spotify.com/v1/audio-analysis/3th4tYA5cZYNVAW0y5WgRX,170076,4,108
0.734,0.228,7,-4.731,0,0.53,0.889,0.00642,0.102,0.522,162.524,audio_features,00ZKeP47bZtswtANkvxz2j,spotify:track:00ZKeP47bZtswtANkvxz2j,https://api.spotify.com/v1/tracks/00ZKeP47bZtswtANkvxz2j,https://api.spotify.com/v1/audio-analysis/00ZKeP47bZtswtANkvxz2j,221538,5,110
0.782,0.631,10,-8.473,0,0.592,0.123,0.0,0.0808,0.866,113.427,audio_features,2InS5VWKJQbsFBKOsf1cJB,spotify:track:2InS5VWKJQbsFBKOsf1cJB,https://api.spotify.com/v1/tracks/2InS5VWKJQbsFBKOsf1cJB,https://api.spotify.com/v1/audio-analysis/2InS5VWKJQbsFBKOsf1cJB,641941,5,112
0.876,0.578,6,-1.275,1,0.122,0.431,3.99e-06,0.0716,0.721,86.618,audio_features,6zLBR9izBeZ1d0pfuwJgRa,spotify:track:6zLBR9izBeZ1d0pfuwJgRa,https://api.spotify.com/v1/tracks/6zLBR9izBeZ1d0pfuwJgRa,https://api.spotify.com/v1/audio-analysis/6zLBR9izBeZ1d0pfuwJgRa,131538,5,114
0.53,0.783,3,-5.737,1,0.334,0.0458,0.000102,0.117,0.554,126.708,audio_features,4zNy0cxc4p36OLdPr0sI6h,spotify:track:4zNy0cxc4p36OLdPr0sI6h,https://api.spotify.com/v1/tracks/4zNy0cxc4p36OLdPr0sI6h,https://api.spotify.com/v1/audio-analysis/4zNy0cxc4p36OLdPr0sI6h,178081,4,116
0.73,0.517,6,-7.079,0,0.159,0.143,0.0,0.0979,0.362,129.987,audio_features,3XIXklO3e0uWUAUkOR7NLI,spotify:track:3XIXklO3e0uWUAUkOR7NLI,https://api.spotify.com/v1/tracks/3XIXklO3e0uWUAUkOR7NLI,https://api.spotify.com/v1/audio-analysis/3XIXklO3e0uWUAUkOR7NLI,162993,4,118
0.622,0.662,11,-5.46,0,0.108,0.654,0.0,0.0736,0.801,89.858,audio_features,4AKsSRxe6z6woOAsXr5gVA,spotify:track:4AKsSRxe6z6woOAsXr5gVA,https://api.spotify.com/v1/tracks/4AKsSRxe6z6woOAsXr5gVA,https://api.spotify.com/v1/audio-analysis/4AKsSRxe6z6woOAsXr5gVA,144000,4,120
0.625,0.34,5,-12.004,1,0.0873,0.763,4.99e-05,0.354,0.36,130.231,audio_features,2uhw2oYbugGJbn10wipNX5,spotify:track:2uhw2oYbugGJbn10wipNX5,https://api.spotify.com/v1/tracks/2uhw2oYbugGJbn10wipNX5,https://api.spotify.com/v1/audio-analysis/2uhw2oYbugGJbn10wipNX5,120014,4,122
0.958,0.558,2,-9.076,1,0.301,0.478,0.000124,0.563,0.666,124.969,audio_features,1dNaW9Zy3lSgwylHwR75Ro,spotify:track:1dNaW9Zy3lSgwylHwR75Ro,https://api.spotify.com/v1/tracks/1dNaW9Zy3lSgwylHwR75Ro,https://api.spotify.com/v1/audio-analysis/1dNaW9Zy3lSgwylHwR75Ro,161305,4,124
0.659,0.644,4,-5.403,0,0.0997,0.223,0.0,0.139,0.75,86.759,audio_features,6LSza8vBsCd7xLk13cYhIv,spotify:track:6LSza8vBsCd7xLk13cYhIv,https://api.spotify.com/v1/tracks/6LSza8vBsCd7xLk13cYhIv,https://api.spotify.com/v1/audio-analysis/6LSza8vBsCd7xLk13cYhIv,191321,4,126
0.879,0.651,0,-2.6,0,0.0529,0.0948,0.0,0.124,0.505,130.066,audio_features,4wjDiZGsZYQqKkXyPcQGF6,spotify:track:4wjDiZGsZYQqKkXyPcQGF6,https://api.spotify.com/v1/tracks/4wjDiZGsZYQqKkXyPcQGF6,https://api.spotify.com/v1/audio-analysis/4wjDiZGsZYQqKkXyPcQGF6,190101,4,128
0.863,0.96,11,-1.458,1,0.0492,0.497,0.00526,0.0853,0.586,130.118,audio_features,0fABszUFNbNq9IW503Gj8v,spotify:track:0fABszUFNbNq9IW503Gj8v,https://api.spotify.com/v1/tracks/0fABszUFNbNq9IW503Gj8v,https://api.spotify.com/v1/audio-analysis/0fABszUFNbNq9IW503Gj8v,92093,4,130
0.921,0.55,3,-4.736,0,0.369,0.196,1.41e-05,0.0947,0.848,129.847,audio_features,2Vl7x4BkNhhJkEmQQMcV0V,spotify:track:2Vl7x4BkNhhJkEmQQMcV0V,https://api.spotify.com/v1/tracks/2Vl7x4BkNhhJkEmQQMcV0V,https://api.spotify.com/v1/audio-analysis/2Vl7x4BkNhhJkEmQQMcV0V,122995,4,132
0.556,0.659,11,-0.845,0,0.0942,0.148,0.0,0.294,0.754,86.634,audio_features,1ACALdBWViTpLBC14Ecv8E,spotify:track:1ACALdBWViTpLBC14Ecv8E,https://api.spotify.com/v1/tracks/1ACALdBWViTpLBC14Ecv8E,https://api.spotify.com/v1/audio-analysis/1ACALdBWViTpLBC14Ecv8E,148615,4,134
0.931,0.604,0,-1.41,0,0.0573,0.456,0.0,0.0488,0.864,129.926,audio_features,0EPxmvsG1BY5td4aTOkWBF,spotify:track:0EPxmvsG1BY5td4aTOkWBF,https://api.spotify.com/v1/tracks/0EPxmvsG1BY5td4aTOkWBF,https://api.spotify.com/v1/audio-analysis/0EPxmvsG1BY5td4aTOkWBF,144039,4,136
0.726,0.31,1,-6.004,1,0.606,0.103,0.0,0.0949,0.415,130.054,audio_features,7ad8Dl0dVmj6i3hfRxUKoD,spotify:track:7ad8Dl0dVmj6i3hfRxUKoD,https://api.spotify.com/v1/tracks/7ad8Dl0dVmj6i3hfRxUKoD,https://api.spotify.com/v1/audio-analysis/7ad8Dl0dVmj6i3hfRxUKoD,198557,4,138
0.588,0.497,8,-6.978,0,0.189,0.67,0.000603,0.243,0.511,71.85,audio_features,4gvePWCd0GfkC40QshflUy,spotify:track:4gvePWCd0GfkC40QshflUy,https://api.spotify.com/v1/tracks/4gvePWCd0GfkC40QshflUy,https://api.spotify.com/v1/audio-analysis/4gvePWCd0GfkC40QshflUy,267795,4,140
0.796,0.586,6,-2.479,0,0.0356,0.59,0.0,0.124,0.305,130.023,audio_features,6V3J5pbU5yBvB5zxPSyP5v,spotify:track:6V3J5pbU5yBvB5zxPSyP5v,https://api.spotify.com/v1/tracks/6V3J5pbU5yBvB5zxPSyP5v,https://api.spotify.com/v1/audio-analysis/6V3J5pbU5yBvB5zxPSyP5v,192078,4,142
0.878,0.88,1,0.047,1,0.0856,0.401,0.00716,0.0983,0.962,129.926,audio_features,04oolcObomYhQ5VZpsHh1z,spotify:track:04oolcObomYhQ5VZpsHh1z,https://api.spotify.com/v1/tracks/04oolcObomYhQ5VZpsHh1z,https://api.spotify.com/v1/audio-analysis/04oolcObomYhQ5VZpsHh1z,206865,4,144
0.885,0.823,7,-5.309,1,0.233,0.155,0.0,0.103,0.878,130.022,audio_features,0K1oCudr2sTfkuNaFL1Dyo,spotify:track:0K1oCudr2sTfkuNaFL1Dyo,https://api.spotify.com/v1/tracks/0K1oCudr2sTfkuNaFL1Dyo,https://api.spotify.com/v1/audio-analysis/0K1oCudr2sTfkuNaFL1Dyo,153232,4,146
0.877,0.639,0,-5.722,1,0.486,0.273,0.0005,0.395,0.511,130.132,audio_features,0cdzCblUzNVtmvZ23aqHOf,spotify:track:0cdzCblUzNVtmvZ23aqHOf,https://api.spotify.com/v1/tracks/0cdzCblUzNVtmvZ23aqHOf,https://api.spotify.com/v1/audio-analysis/0cdzCblUzNVtmvZ23aqHOf,180117,4,148
0.962,0.934,8,-0.769,1,0.0935,0.373,0.0,0.0523,0.416,130.019,audio_features,49FDgX73Ik1hlQhAcAQLWZ,spotify:track:49FDgX73Ik1hlQhAcAQLWZ,https://api.spotify.com/v1/tracks/49FDgX73Ik1hlQhAcAQLWZ,https://api.spotify.com/v1/audio-analysis/49FDgX73Ik1hlQhAcAQLWZ,274204,4,150
0.791,0.668,11,-8.486,0,0.0518,0.397,0.000103,0.485,0.727,130.028,audio_features,70rCH90CeRGzCrVr4fSbqg,spotify:track:70rCH90CeRGzCrVr4fSbqg,https://api.spotify.com/v1/tracks/70rCH90CeRGzCrVr4fSbqg,https://api.spotify.com/v1/audio-analysis/70rCH90CeRGzCrVr4fSbqg,144222,4,152
0.651,0.58,9,-3.364,1,0.0811,0.312,0.0,0.0829,0.934,130.112,audio_features,1BzO0NHexP6WGxJq7nGhWz,spotify:track:1BzO0NHexP6WGxJq7nGhWz,https://api.spotify.com/v1/tracks/1BzO0NHexP6WGxJq7nGhWz,https://api.spotify.com/v1/audio-analysis/1BzO0NHexP6WGxJq7nGhWz,191000,4,154
0.804,0.903,8,-4.081,1,0.133,0.0698,0.0,0.334,0.359,129.944,audio_features,6vY9Q8VC482UCItOyD3kmK,spotify:track:6vY9Q8VC482UCItOyD3kmK,https://api.spotify.com/v1/tracks/6vY9Q8VC482UCItOyD3kmK,https://api.spotify.com/v1/audio-analysis/6vY9Q8VC482UCItOyD3kmK,224366,4,156
0.879,0.927,1,0.71,1,0.183,0.277,0.0,0.0578,0.712,130.136,audio_features,300GOEl5x2aFfkgfvRtZqE,spotify:track:300GOEl5x2aFfkgfvRtZqE,https://api.spotify.com/v1/tracks/300GOEl5x2aFfkgfvRtZqE,https://api.spotify.com/v1/audio-analysis/300GOEl5x2aFfkgfvRtZqE,162508,4,158
0.542,0.531,9,-7.481,1,0.0301,0.0033,1.51e-06,0.338,0.671,105.97,audio_features,56NkIxSZZiMpFP5ZNSxtnT,spotify:track:56NkIxSZZiMpFP5ZNSxtnT,https://api.spotify.com/v1/tracks/56NkIxSZZiMpFP5ZNSxtnT,https://api.spotify.com/v1/audio-analysis/56NkIxSZZiMpFP5ZNSxtnT,183391,4,160
0.733,0.71,5,-5.849,0,0.0292,0.145,0.115,0.0956,0.965,127.975,audio_features,7w87IxuO7BDcJ3YUqCyMTT,spotify:track:7w87IxuO7BDcJ3YUqCyMTT,https://api.spotify.com/v1/tracks/7w87IxuO7BDcJ3YUqCyMTT,https://api.spotify.com/v1/audio-analysis/7w87IxuO7BDcJ3YUqCyMTT,239600,4,162
0.542,0.905,9,-5.653,1,0.054,0.00172,0.0104,0.136,0.374,153.398,audio_features,0ntQJM78wzOLVeCUAW7Y45,spotify:track:0ntQJM78wzOLVeCUAW7Y45,https://api.spotify.com/v1/tracks/0ntQJM78wzOLVeCUAW7Y45,https://api.spotify.com/v1/audio-analysis/0ntQJM78wzOLVeCUAW7Y45,203347,4,164
0.288,0.758,6,-5.692,0,0.0371,0.00616,0.0,0.303,0.619,97.094,audio_features,2AT8iROs4FQueDv2c8q2KE,spotify:track:2AT8iROs4FQueDv2c8q2KE,https://api.spotify.com/v1/tracks/2AT8iROs4FQueDv2c8q2KE,https://api.spotify.com/v1/audio-analysis/2AT8iROs4FQueDv2c8q2KE,201726,4,166
0.743,0.446,4,-7.807,0,0.0683,0.0039,0.118,0.337,0.278,123.596,audio_features,3dPQuX8Gs42Y7b454ybpMR,spotify:track:3dPQuX8Gs42Y7b454ybpMR,https://api.spotify.com/v1/tracks/3dPQuX8Gs42Y7b454ybpMR,https://api.spotify.com/v1/audio-analysis/3dPQuX8Gs42Y7b454ybpMR,232107,4,168
0.721,0.521,2,-8.123,1,0.0613,0.0708,0.00545,0.127,0.942,123.118,audio_features,1i6N76fftMZhijOzFQ5ZtL,spotify:track:1i6N76fftMZhijOzFQ5ZtL,https://api.spotify.com/v1/tracks/1i6N76fftMZhijOzFQ5ZtL,https://api.spotify.com/v1/audio-analysis/1i6N76fftMZhijOzFQ5ZtL,261413,4,170
0.548,0.532,5,-7.596,1,0.0323,0.186,0.000263,0.217,0.405,85.03,audio_features,5FVd6KXrgO9B3JPmC8OPst,spotify:track:5FVd6KXrgO9B3JPmC8OPst,https://api.spotify.com/v1/tracks/5FVd6KXrgO9B3JPmC8OPst,https://api.spotify.com/v1/audio-analysis/5FVd6KXrgO9B3JPmC8OPst,272394,4,172
0.612,0.807,10,-2.81,1,0.0336,0.0495,0.0177,0.101,0.398,124.053,audio_features,2QjOHCTQ1Jl3zawyYOpxh6,spotify:track:2QjOHCTQ1Jl3zawyYOpxh6,https://api.spotify.com/v1/tracks/2QjOHCTQ1Jl3zawyYOpxh6,https://api.spotify.com/v1/audio-analysis/2QjOHCTQ1Jl3zawyYOpxh6,240400,4,174
0.391,0.808,8,-6.209,0,0.0892,0.0759,0.0,0.149,0.737,100.304,audio_features,7BHPGtpuuWWsvE7cCaMuEU,spotify:track:7BHPGtpuuWWsvE7cCaMuEU,https://api.spotify.com/v1/tracks/7BHPGtpuuWWsvE7cCaMuEU,https://api.spotify.com/v1/audio-analysis/7BHPGtpuuWWsvE7cCaMuEU,203507,4,176
0.691,0.801,1,-4.562,1,0.0409,0.00588,2.23e-06,0.65,0.23,127.015,audio_features,1g1elRYAuQ7BHMpeejvvKH,spotify:track:1g1elRYAuQ7BHMpeejvvKH,https://api.spotify.com/v1/tracks/1g1elRYAuQ7BHMpeejvvKH,https://api.spotify.com/v1/audio-analysis/1g1elRYAuQ7BHMpeejvvKH,130731,4,178
0.699,0.471,10,-7.933,0,0.0938,0.231,0.0,0.112,0.37,99.285,audio_features,39uMV1Ix79vlMNssVxACuU,spotify:track:39uMV1Ix79vlMNssVxACuU,https://api.spotify.com/v1/tracks/39uMV1Ix79vlMNssVxACuU,https://api.spotify.com/v1/audio-analysis/39uMV1Ix79vlMNssVxACuU,194400,4,180
0.652,0.827,3,-5.479,0,0.0944,0.0677,0.0,0.116,0.416,126.832,audio_features,2QZ1rsYyn93YttD5SlybTh,spotify:track:2QZ1rsYyn93YttD5SlybTh,https://api.spotify.com/v1/tracks/2QZ1rsYyn93YttD5SlybTh,https://api.spotify.com/v1/audio-analysis/2QZ1rsYyn93YttD5SlybTh,188976,4,182
0.743,0.618,6,-5.754,0,0.0814,0.149,0.000339,0.149,0.479,101.007,audio_features,5h2lBg0mULQ6s60TqebwT5,spotify:track:5h2lBg0mULQ6s60TqebwT5,https://api.spotify.com/v1/tracks/5h2lBg0mULQ6s60TqebwT5,https://api.spotify.com/v1/audio-analysis/5h2lBg0mULQ6s60TqebwT5,142766,4,184
0.584,0.311,10,-11.642,0,0.232,0.79,0.0,0.0862,0.623,139.581,audio_features,6BF3nZQkAg9qvE0DLVSfyH,spotify:track:6BF3nZQkAg9qvE0DLVSfyH,https://api.spotify.com/v1/tracks/6BF3nZQkAg9qvE0DLVSfyH,https://api.spotify.com/v1/audio-analysis/6BF3nZQkAg9qvE0DLVSfyH,221858,4,186
0.818,0.705,6,-6.679,1,0.177,0.00836,0.00233,0.613,0.772,138.559,audio_features,0d28khcov6AiegSCpG5TuT,spotify:track:0d28khcov6AiegSCpG5TuT,https://api.spotify.com/v1/tracks/0d28khcov6AiegSCpG5TuT,https://api.spotify.com/v1/audio-analysis/0d28khcov6AiegSCpG5TuT,222640,4,188
0.664,0.781,11,-6.547,1,0.0339,0.00103,5.33e-06,0.0867,0.593,110.0,audio_features,1oTo3ijRbaDAtrjJrGAPSw,spotify:track:1oTo3ijRbaDAtrjJrGAPSw,https://api.spotify.com/v1/tracks/1oTo3ijRbaDAtrjJrGAPSw,https://api.spotify.com/v1/audio-analysis/1oTo3ijRbaDAtrjJrGAPSw,227240,4,190
0.472,0.671,4,-4.649,1,0.029,0.0129,0.0,0.159,0.0681,82.952,audio_features,77loZpT5Y5PRP1S451P9Yz,spotify:track:77loZpT5Y5PRP1S451P9Yz,https://api.spotify.com/v1/tracks/77loZpT5Y5PRP1S451P9Yz,https://api.spotify.com/v1/audio-analysis/77loZpT5Y5PRP1S451P9Yz,232800,4,192
0.762,0.661,1,-6.075,0,0.0687,0.15,0.0,0.256,0.769,130.009,audio_features,1hGy2eLcmC8eKx7qr1tOqx,spotify:track:1hGy2eLcmC8eKx7qr1tOqx,https://api.spotify.com/v1/tracks/1hGy2eLcmC8eKx7qr1tOqx,https://api.spotify.com/v1/audio-analysis/1hGy2eLcmC8eKx7qr1tOqx,225373,4,194
0.421,0.858,1,-4.535,1,0.0963,0.0134,0.0,0.067,0.491,173.255,audio_features,10rChmECwPcvTTj4w07hq4,spotify:track:10rChmECwPcvTTj4w07hq4,https://api.spotify.com/v1/tracks/10rChmECwPcvTTj4w07hq4,https://api.spotify.com/v1/audio-analysis/10rChmECwPcvTTj4w07hq4,206773,4,196
0.446,0.764,10,-5.042,1,0.033,0.00135,0.0,0.099,0.543,172.094,audio_features,0gmbgwZ8iqyMPmXefof8Yf,spotify:track:0gmbgwZ8iqyMPmXefof8Yf,https://api.spotify.com/v1/tracks/0gmbgwZ8iqyMPmXefof8Yf,https://api.spotify.com/v1/audio-analysis/0gmbgwZ8iqyMPmXefof8Yf,223840,4,198
0.546,0.814,7,-5.146,1,0.0314,0.023,0.0,0.0972,0.146,104.98,audio_features,3ZffCQKLFLUvYM59XKLbVm,spotify:track:3ZffCQKLFLUvYM59XKLbVm,https://api.spotify.com/v1/tracks/3ZffCQKLFLUvYM59XKLbVm,https://api.spotify.com/v1/audio-analysis/3ZffCQKLFLUvYM59XKLbVm,285653,4,100
0.452,0.574,6,-8.336,1,0.31,0.246,0.0,0.189,0.58,92.791,audio_features,6brl7bwOHmGFkNw3MBqssT,spotify:track:6brl7bwOHmGFkNw3MBqssT,https://api.spotify.com/v1/tracks/6brl7bwOHmGFkNw3MBqssT,https://api.spotify.com/v1/audio-analysis/6brl7bwOHmGFkNw3MBqssT,207187,4,102
0.414,0.936,2,-2.407,1,0.0758,0.00136,0.0,0.369,0.74,170.229,audio_features,6sqNctd7MlJoKDOxPVCAvU,spotify:track:6sqNctd7MlJoKDOxPVCAvU,https://api.spotify.com/v1/tracks/6sqNctd7MlJoKDOxPVCAvU,https://api.spotify.com/v1/audio-analysis/6sqNctd7MlJoKDOxPVCAvU,242413,4,104
0.662,0.908,1,-4.764,0,0.0449,0.0506,0.0,0.0508,0.967,149.941,audio_features,4V9JDRqKjN8F2HWdlEDxvI,spotify:track:4V9JDRqKjN8F2HWdlEDxvI,https://api.spotify.com/v1/tracks/4V9JDRqKjN8F2HWdlEDxvI,https://api.spotify.com/v1/audio-analysis/4V9JDRqKjN8F2HWdlEDxvI,173693,4,106
0.712,0.868,5,-4.098,0,0.038,0.0606,0.0,0.0897,0.758,95.041,audio_features,76aqmXnnJmTslVQXYWTaWM,spotify:track:76aqmXnnJmTslVQXYWTaWM,https://api.spotify.com/v1/tracks/76aqmXnnJmTslVQXYWTaWM,https://api.spotify.com/v1/audio-analysis/76aqmXnnJmTslVQXYWTaWM,205747,4,108
0.832,0.702,5,-3.236,1,0.173,0.103,0.0,0.128,0.814,94.097,audio_features,4CNweIcprjglbPbzDptf6m,spotify:track:4CNweIcprjglbPbzDptf6m,https://api.spotify.com/v1/tracks/4CNweIcprjglbPbzDptf6m,https://api.spotify.com/v1/audio-analysis/4CNweIcprjglbPbzDptf6m,273813,4,110
0.395,0.775,1,-4.802,1,0.0526,0.298,0.0,0.105,0.273,116.073,audio_features,4m7KyOjqy65crLglsCThn8,spotify:track:4m7KyOjqy65crLglsCThn8,https://api.spotify.com/v1/tracks/4m7KyOjqy65crLglsCThn8,https://api.spotify.com/v1/audio-analysis/4m7KyOjqy65crLglsCThn8,231212,5,112
0.66,0.701,10,-4.649,0,0.0405,0.00112,0.00016,0.0871,0.436,96.002,audio_features,62ObFV4hOGLMjoVBilwjF6,spotify:track:62ObFV4hOGLMjoVBilwjF6,https://api.spotify.com/v1/tracks/62ObFV4hOGLMjoVBilwjF6,https://api.spotify.com/v1/audio-analysis/62ObFV4hOGLMjoVBilwjF6,202733,4,114
0.722,0.812,4,-3.958,0,0.0501,0.137,0.0,0.0775,0.892,118.99,audio_features,4kA5juo1Hki4r8Z1wP5aJk,spotify:track:4kA5juo1Hki4r8Z1wP5aJk,https://api.spotify.com/v1/tracks/4kA5juo1Hki4r8Z1wP5aJk,https://api.spotify.com/v1/audio-analysis/4kA5juo1Hki4r8Z1wP5aJk,218347,4,116
0.577,0.749,5,-7.215,0,0.0279,0.599,0.0115,0.183,0.255,130.97,audio_features,3SFKF6uhM5UvRcptlOgjzu,spotify:track:3SFKF6uhM5UvRcptlOgjzu,https://api.spotify.com/v1/tracks/3SFKF6uhM5UvRcptlOgjzu,https://api.spotify.com/v1/audio-analysis/3SFKF6uhM5UvRcptlOgjzu,307880,4,118
0.738,0.868,1,-4.15,1,0.0348,0.0371,0.0,0.294,0.199,130.002,audio_features,325ImY8q8DR5gn7HkIBx23,spotify:track:325ImY8q8DR5gn7HkIBx23,https://api.spotify.com/v1/tracks/325ImY8q8DR5gn7HkIBx23,https://api.spotify.com/v1/audio-analysis/325ImY8q8DR5gn7HkIBx23,252933,4,120
0.8,0.825,11,-6.552,0,0.034,0.0559,2.18e-06,0.141,0.903,100.035,audio_features,0Uqs7ilt5kGX9NzFDWTBrP,spotify:track:0Uqs7ilt5kGX9NzFDWTBrP,https://api.spotify.com/v1/tracks/0Uqs7ilt5kGX9NzFDWTBrP,https://api.spotify.com/v1/audio-analysis/0Uqs7ilt5kGX9NzFDWTBrP,232667,4,122
0.451,0.97,0,-4.938,1,0.107,0.0264,0.00355,0.102,0.198,122.444,audio_features,1f2V8U1BiWaC9aJWmpOARe,spotify:track:1f2V8U1BiWaC9aJWmpOARe,https://api.spotify.com/v1/tracks/1f2V8U1BiWaC9aJWmpOARe,https://api.spotify.com/v1/audio-analysis/1f2V8U1BiWaC9aJWmpOARe,216933,4,124
0.769,0.611,1,-4.229,1,0.0601,0.12,0.0,0.338,0.548,149.949,audio_features,2XymTaHTrQWDEuSyhfZvqF,spotify:track:2XymTaHTrQWDEuSyhfZvqF,https://api.spotify.com/v1/tracks/2XymTaHTrQWDEuSyhfZvqF,https://api.spotify.com/v1/audio-analysis/2XymTaHTrQWDEuSyhfZvqF,169092,5,126
0.671,0.939,8,-3.206,1,0.161,0.191,0.0,0.298,0.53,129.024,audio_features,4QNpBfC0zvjKqPJcyqBy9W,spotify:track:4QNpBfC0zvjKqPJcyqBy9W,https://api.spotify.com/v1/tracks/4QNpBfC0zvjKqPJcyqBy9W,https://api.spotify.com/v1/audio-analysis/4QNpBfC0zvjKqPJcyqBy9W,252307,4,128
0.581,0.963,11,-4.087,1,0.0981,0.0295,0.0,0.139,0.788,129.992,audio_features,3cHyrEgdyYRjgJKSOiOtcS,spotify:track:3cHyrEgdyYRjgJKSOiOtcS,https://api.spotify.com/v1/tracks/3cHyrEgdyYRjgJKSOiOtcS,https://api.spotify.com/v1/audio-analysis/3cHyrEgdyYRjgJKSOiOtcS,204160,4,130
0.873,0.569,0,-6.54,0,0.188,0.279,0.0,0.135,0.488,131.051,audio_features,12hqpRynT8G2Hwm9QzPFkd,spotify:track:12hqpRynT8G2Hwm9QzPFkd,https://api.spotify.com/v1/tracks/12hqpRynT8G2Hwm9QzPFkd,https://api.spotify.com/v1/audio-analysis/12hqpRynT8G2Hwm9QzPFkd,284117,4,132
0.663,0.694,10,-8.627,0,0.171,0.0253,0.0,0.0698,0.525,167.953,audio_features,1RKUoGiLEbcXN4GY4spQDx,spotify:track:1RKUoGiLEbcXN4GY4spQDx,https://api.spotify.com/v1/tracks/1RKUoGiLEbcXN4GY4spQDx,https://api.spotify.com/v1/audio-analysis/1RKUoGiLEbcXN4GY4spQDx,340920,4,134
0.689,0.739,2,-5.81,1,0.026,1.51e-05,0.509,0.064,0.578,120.423,audio_features,0q6LuUqGLUiCPP1cbdwFs3,spotify:track:0q6LuUqGLUiCPP1cbdwFs3,https://api.spotify.com/v1/tracks/0q6LuUqGLUiCPP1cbdwFs3,https://api.spotify.com/v1/audio-analysis/0q6LuUqGLUiCPP1cbdwFs3,233867,4,136
0.627,0.803,2,-7.678,1,0.264,0.0348,2.59e-05,0.231,0.355,90.011,audio_features,4rEZHK4ORUS0rhg1m9G457,spotify:track:4rEZHK4ORUS0rhg1m9G457,https://api.spotify.com/v1/tracks/4rEZHK4ORUS0rhg1m9G457,https://api.spotify.com/v1/audio-analysis/4rEZHK4ORUS0rhg1m9G457,271000,4,138
0.553,0.652,0,-6.685,1,0.206,0.0897,0.0,0.111,0.551,94.505,audio_features,3FNy4yzOhHhFBeA5p4ofoq,spotify:track:3FNy4yzOhHhFBeA5p4ofoq,https://api.spotify.com/v1/tracks/3FNy4yzOhHhFBeA5p4ofoq,https://api.spotify.com/v1/audio-analysis/3FNy4yzOhHhFBeA5p4ofoq,207347,4,140
0.591,0.61,10,-8.537,0,0.358,0.609,0.0,0.115,0.509,99.526,audio_features,1YumR6MJyfkoHarpg2oL19,spotify:track:1YumR6MJyfkoHarpg2oL19,https://api.spotify.com/v1/tracks/1YumR6MJyfkoHarpg2oL19,https://api.spotify.com/v1/audio-analysis/1YumR6MJyfkoHarpg2oL19,207315,4,142
0.901,0.522,2,-8.304,1,0.33,0.0114,0.0,0.259,0.329,104.053,audio_features,4S8d14HvHb70ImctNgVzQQ,spotify:track:4S8d14HvHb70ImctNgVzQQ,https://api.spotify.com/v1/tracks/4S8d14HvHb70ImctNgVzQQ,https://api.spotify.com/v1/audio-analysis/4S8d14HvHb70ImctNgVzQQ,127947,4,144
0.824,0.427,9,-8.314,0,0.182,0.387,0.0,0.0915,0.566,148.008,audio_features,4ESkG5iVSKtUANJK0NPz1w,spotify:track:4ESkG5iVSKtUANJK0NPz1w,https://api.spotify.com/v1/tracks/4ESkG5iVSKtUANJK0NPz1w,https://api.spotify.com/v1/audio-analysis/4ESkG5iVSKtUANJK0NPz1w,143020,4,146
0.607,0.412,5,-9.583,0,0.0394,0.379,0.0124,0.076,0.392,142.028,audio_features,5OMxscxd7PIu8YfRmkXH45,spotify:track:5OMxscxd7PIu8YfRmkXH45,https://api.spotify.com/v1/tracks/5OMxscxd7PIu8YfRmkXH45,https://api.spotify.com/v1/audio-analysis/5OMxscxd7PIu8YfRmkXH45,280059,4,148
0.585,0.52,5,-6.136,0,0.0712,0.124,7.01e-05,0.131,0.129,159.801,audio_features,0e7ipj03S05BNilyu5bRzt,spotify:track:0e7ipj03S05BNilyu5bRzt,https://api.spotify.com/v1/tracks/0e7ipj03S05BNilyu5bRzt,https://api.spotify.com/v1/audio-analysis/0e7ipj03S05BNilyu5bRzt,218147,4,150
0.886,0.427,6,-10.028,1,0.145,0.0312,0.00099,0.0906,0.23,108.034,audio_features,5uDASfU19gDxSjW8cnCaBp,spotify:track:5uDASfU19gDxSjW8cnCaBp,https://api.spotify.com/v1/tracks/5uDASfU19gDxSjW8cnCaBp,https://api.spotify.com/v1/audio-analysis/5uDASfU19gDxSjW8cnCaBp,177184,4,152
0.921,0.537,9,-5.723,0,0.0804,0.556,0.00404,0.102,0.711,128.009,audio_features,0JP9xo3adEtGSdUEISiszL,spotify:track:0JP9xo3adEtGSdUEISiszL,https://api.spotify.com/v1/tracks/0JP9xo3adEtGSdUEISiszL,https://api.spotify.com/v1/audio-analysis/0JP9xo3adEtGSdUEISiszL,135090,4,154
0.458,0.783,8,-3.226,0,0.0322,0.346,6.14e-06,0.13,0.224,113.072,audio_features,4xBHZ2Mr0gCdFYXrPZuYXO,spotify:track:4xBHZ2Mr0gCdFYXrPZuYXO,https://api.spotify.com/v1/tracks/4xBHZ2Mr0gCdFYXrPZuYXO,https://api.spotify.com/v1/audio-analysis/4xBHZ2Mr0gCdFYXrPZuYXO,167907,3,156
0.595,0.717,0,-4.803,1,0.0295,0.0779,0.00274,0.108,0.547,88.969,audio_features,1G391cbiT3v3Cywg8T7DM1,spotify:track:1G391cbiT3v3Cywg8T7DM1,https://api.spotify.com/v1/tracks/1G391cbiT3v3Cywg8T7DM1,https://api.spotify.com/v1/audio-analysis/1G391cbiT3v3Cywg8T7DM1,215907,4,158
0.418,0.768,10,-6.908,1,0.0306,0.0427,0.537,0.275,0.296,141.371,audio_features,4gEFeIEORz8thfqMY7nKcb,spotify:track:4gEFeIEORz8thfqMY7nKcb,https://api.spotify.com/v1/tracks/4gEFeIEORz8thfqMY7nKcb,https://api.spotify.com/v1/audio-analysis/4gEFeIEORz8thfqMY7nKcb,212600,4,160
0.412,0.658,4,-12.051,0,0.0708,4.52e-05,0.000774,0.176,0.454,163.071,audio_features,1Y373MqadDRtclJNdnUXVc,spotify:track:1Y373MqadDRtclJNdnUXVc,https://api.spotify.com/v1/tracks/1Y373MqadDRtclJNdnUXVc,https://api.spotify.com/v1/audio-analysis/1Y373MqadDRtclJNdnUXVc,168406,4,162
0.568,0.981,2,-3.889,1,0.0887,0.00269,0.00275,0.0243,0.307,135.146,audio_features,3RAFcUBrCNaboRXoP3S5t1,spotify:track:3RAFcUBrCNaboRXoP3S5t1,https://api.spotify.com/v1/tracks/3RAFcUBrCNaboRXoP3S5t1,https://api.spotify.com/v1/audio-analysis/3RAFcUBrCNaboRXoP3S5t1,284120,4,164
0.458,0.795,0,-3.265,1,0.0574,0.00316,0.000202,0.0756,0.513,123.229,audio_features,64BbK9SFKH2jk86U3dGj2P,spotify:track:64BbK9SFKH2jk86U3dGj2P,https://api.spotify.com/v1/tracks/64BbK9SFKH2jk86U3dGj2P,https://api.spotify.com/v1/audio-analysis/64BbK9SFKH2jk86U3dGj2P,255373,4,166
0.389,0.873,4,-4.768,0,0.0475,0.00532,0.0055,0.273,0.303,106.767,audio_features,69QHm3pustz01CJRwdo20z,spotify:track:69QHm3pustz01CJRwdo20z,https://api.spotify.com/v1/tracks/69QHm3pustz01CJRwdo20z,https://api.spotify.com/v1/audio-analysis/69QHm3pustz01CJRwdo20z,312293,4,168
0.762,0.748,2,-6.934,0,0.148,0.255,0.0,0.148,0.756,79.619,audio_features,74Es0YAvJFbFCZ6ULMcydb,spotify:track:74Es0YAvJFbFCZ6ULMcydb,https://api.spotify.com/v1/tracks/74Es0YAvJFbFCZ6ULMcydb,https://api.spotify.com/v1/audio-analysis/74Es0YAvJFbFCZ6ULMcydb,210667,4,170
0.466,0.965,1,-2.597,0,0.0904,0.042,0.0,0.101,0.453,95.028,audio_features,697M5JB8FDIyRXEXgl1pBZ,spotify:track:697M5JB8FDIyRXEXgl1pBZ,https://api.spotify.com/v1/tracks/697M5JB8FDIyRXEXgl1pBZ,https://api.spotify.com/v1/audio-analysis/697M5JB8FDIyRXEXgl1pBZ,173933,3,172
0.446,0.936,7,-2.574,1,0.0504,0.00098,0.0,0.151,0.637,97.312,audio_features,3QbPw4Aj3JgqG0In3ZPZ4q,spotify:track:3QbPw4Aj3JgqG0In3ZPZ4q,https://api.spotify.com/v1/tracks/3QbPw4Aj3JgqG0In3ZPZ4q,https://api.spotify.com/v1/audio-analysis/3QbPw4Aj3JgqG0In3ZPZ4q,226693,4,174
0.501,0.889,4,-3.89,0,0.0296,0.000323,0.00164,0.186,0.442,94.37,audio_features,3Axmw41lmMoXih3NJYzbXb,spotify:track:3Axmw41lmMoXih3NJYzbXb,https://api.spotify.com/v1/tracks/3Axmw41lmMoXih3NJYzbXb,https://api.spotify.com/v1/audio-analysis/3Axmw41lmMoXih3NJYzbXb,205107,4,176
0.668,0.906,11,-4.881,0,0.17,0.214,0.00245,0.135,0.507,135.653,audio_features,2d4e45fmUnguxh6yqC7gNT,spotify:track:2d4e45fmUnguxh6yqC7gNT,https://api.spotify.com/v1/tracks/2d4e45fmUnguxh6yqC7gNT,https://api.spotify.com/v1/audio-analysis/2d4e45fmUnguxh6yqC7gNT,231933,4,178
0.297,0.749,7,-5.726,1,0.0328,0.0123,0.0,0.133,0.326,91.822,audio_features,64RaXiW92dbX2uQ0pY6rkj,spotify:track:64RaXiW92dbX2uQ0pY6rkj,https://api.spotify.com/v1/tracks/64RaXiW92dbX2uQ0pY6rkj,https://api.spotify.com/v1/audio-analysis/64RaXiW92dbX2uQ0pY6rkj,258067,4,180
0.298,0.848,2,-5.947,1,0.0727,0.0538,0.00152,0.201,0.194,148.282,audio_features,2LXPNLSMAauNJfnC58lSqY,spotify:track:2LXPNLSMAauNJfnC58lSqY,https://api.spotify.com/v1/tracks/2LXPNLSMAauNJfnC58lSqY,https://api.spotify.com/v1/audio-analysis/2LXPNLSMAauNJfnC58lSqY,280960,4,182
0.574,0.964,4,-2.745,1,0.0458,0.000382,0.0045,0.0578,0.644,109.037,audio_features,3FXo3xKG3aYV3hvdRzUY61,spotify:track:3FXo3xKG3aYV3hvdRzUY61,https://api.spotify.com/v1/tracks/3FXo3xKG3aYV3hvdRzUY61,https://api.spotify.com/v1/audio-analysis/3FXo3xKG3aYV3hvdRzUY61,203373,4,184
0.263,0.89,0,-2.913,1,0.177,0.0022,0.00348,0.306,0.286,190.389,audio_features,1qGmxIGEuBEkj7bft72Kh0,spotify:track:1qGmxIGEuBEkj7bft72Kh0,https://api.spotify.com/v1/tracks/1qGmxIGEuBEkj7bft72Kh0,https://api.spotify.com/v1/audio-analysis/1qGmxIGEuBEkj7bft72Kh0,151733,4,186
0.554,0.949,2,-4.928,1,0.0787,0.000318,9.98e-05,0.2,0.233,129.984,audio_features,4UEo1b0wWrtHMC8bVqPiH8,spotify:track:4UEo1b0wWrtHMC8bVqPiH8,https://api.spotify.com/v1/tracks/4UEo1b0wWrtHMC8bVqPiH8,https://api.spotify.com/v1/audio-analysis/4UEo1b0wWrtHMC8bVqPiH8,374453,4,188
0.401,0.957,11,-2.841,1,0.045,0.000105,3.97e-06,0.362,0.812,144.446,audio_features,7hjAhjnMzpMT9vU54w0LYF,spotify:track:7hjAhjnMzpMT9vU54w0LYF,https://api.spotify.com/v1/tracks/7hjAhjnMzpMT9vU54w0LYF,https://api.spotify.com/v1/audio-analysis/7hjAhjnMzpMT9vU54w0LYF,248373,4,190
0.683,0.883,8,-2.502,1,0.0691,0.377,0.0,0.407,0.678,122.847,audio_features,3056x1XkmICnQmji68rrft,spotify:track:3056x1XkmICnQmji68rrft,https://api.spotify.com/v1/tracks/3056x1XkmICnQmji68rrft,https://api.spotify.com/v1/audio-analysis/3056x1XkmICnQmji68rrft,160565,4,192
0.543,0.756,11,-3.755,0,0.235,0.445,0.0,0.95,0.566,153.996,audio_features,146Vb458Y5RbqEa0fYFPzm,spotify:track:146Vb458Y5RbqEa0fYFPzm,https://api.spotify.com/v1/tracks/146Vb458Y5RbqEa0fYFPzm,https://api.spotify.com/v1/audio-analysis/146Vb458Y5RbqEa0fYFPzm,193670,4,194
0.794,0.937,8,-2.44,0,0.0336,0.366,4.15e-06,0.962,0.826,134.012,audio_features,3tv697PZNnaQN0Mn2zGhS5,spotify:track:3tv697PZNnaQN0Mn2zGhS5,https://api.spotify.com/v1/tracks/3tv697PZNnaQN0Mn2zGhS5,https://api.spotify.com/v1/audio-analysis/3tv697PZNnaQN0Mn2zGhS5,237517,4,196
0.671,0.817,9,-5.819,1,0.0652,0.337,0.0,0.446,0.903,161.997,audio_features,6YT14agPpTVtmhfJBXWlPS,spotify:track:6YT14agPpTVtmhfJBXWlPS,https://api.spotify.com/v1/tracks/6YT14agPpTVtmhfJBXWlPS,https://api.spotify.com/v1/audio-analysis/6YT14agPpTVtmhfJBXWlPS,174180,4,198
0.567,0.841,1,-3.66,1,0.0487,0.251,0.0,0.549,0.558,117.794,audio_features,6BEsipBeU6dPLowp7kSN6D,spotify:track:6BEsipBeU6dPLowp7kSN6D,https://api.spotify.com/v1/tracks/6BEsipBeU6dPLowp7kSN6D,https://api.spotify.com/v1/audio-analysis/6BEsipBeU6dPLowp7kSN6D,160543,4,200
0.805,0.932,2,-1.151,1,0.0375,0.41,0.0,0.873,0.916,126.931,audio_features,1MmS7UIy3J1BTxfGCRvVqN,spotify:track:1MmS7UIy3J1BTxfGCRvVqN,https://api.spotify.com/v1/tracks/1MmS7UIy3J1BTxfGCRvVqN,https://api.spotify.com/v1/audio-analysis/1MmS7UIy3J1BTxfGCRvVqN,215767,4,202
0.498,0.915,4,-3.372,1,0.301,0.131,0.000309,0.797,0.589,179.888,audio_features,3s4JSLfVCAZa79LEjeh6UY,spotify:track:3s4JSLfVCAZa79LEjeh6UY,https://api.spotify.com/v1/tracks/3s4JSLfVCAZa79LEjeh6UY,https://api.spotify.com/v1/audio-analysis/3s4JSLfVCAZa79LEjeh6UY,158210,4,204
0.462,0.669,5,-4.19,1,0.0654,0.516,0.0,0.119,0.559,175.836,audio_features,5mFn4teAi2HMi7kRHliyFL,spotify:track:5mFn4teAi2HMi7kRHliyFL,https://api.spotify.com/v1/tracks/5mFn4teAi2HMi7kRHliyFL,https://api.spotify.com/v1/audio-analysis/5mFn4teAi2HMi7kRHliyFL,157202,3,206
0.646,0.614,2,-4.416,1,0.0396,0.337,0.0,0.502,0.487,103.839,audio_features,4WBELdOytDylKOZ3971XxT,spotify:track:4WBELdOytDylKOZ3971XxT,https://api.spotify.com/v1/tracks/4WBELdOytDylKOZ3971XxT,https://api.spotify.com/v1/audio-analysis/4WBELdOytDylKOZ3971XxT,190379,3,208
0.666,0.492,7,-6.374,1,0.0347,0.562,0.0,0.661,0.493,111.961,audio_features,1334aotl0mcvoQcFaxljBv,spotify:track:1334aotl0mcvoQcFaxljBv,https://api.spotify.com/v1/tracks/1334aotl0mcvoQcFaxljBv,https://api.spotify.com/v1/audio-analysis/1334aotl0mcvoQcFaxljBv,308627,4,210
0.481,0.636,0,-6.737,1,0.0329,0.552,0.0,0.098,0.612,110.733,audio_features,5wn7dRsPFOd236GySyJqLx,spotify:track:5wn7dRsPFOd236GySyJqLx,https://api.spotify.com/v1/tracks/5wn7dRsPFOd236GySyJqLx,https://api.spotify.com/v1/audio-analysis/5wn7dRsPFOd236GySyJqLx,283707,4,212
0.624,0.823,11,-6.036,0,0.0297,0.533,0.0,0.0864,0.451,137.97,audio_features,1Go5sZ2OZeWNyskKsX2CFW,spotify:track:1Go5sZ2OZeWNyskKsX2CFW,https://api.spotify.com/v1/tracks/1Go5sZ2OZeWNyskKsX2CFW,https://api.spotify.com/v1/audio-analysis/1Go5sZ2OZeWNyskKsX2CFW,201453,4,214
0.494,0.854,9,-8.598,1,0.0584,0.466,0.0,0.809,0.41,138.665,audio_features,2SbeBuXi2WGK5C48pK29AO,spotify:track:2SbeBuXi2WGK5C48pK29AO,https://api.spotify.com/v1/tracks/2SbeBuXi2WGK5C48pK29AO,https://api.spotify.com/v1/audio-analysis/2SbeBuXi2WGK5C48pK29AO,244506,4,216
0.312,0.23,9,-10.224,1,0.0333,0.9,0.0,0.0973,0.164,202.902,audio_features,69Ui5HCL3ckbnnwtnZoGRo,spotify:track:69Ui5HCL3ckbnnwtnZoGRo,https://api.spotify.com/v1/tracks/69Ui5HCL3ckbnnwtnZoGRo,https://api.spotify.com/v1/audio-analysis/69Ui5HCL3ckbnnwtnZoGRo,298507,3,218
0.576,0.857,2,-2.57,1,0.0828,0.343,0.0,0.171,0.772,155.092,audio_features,4NLfKIsRhP1cve1kcrYg40,spotify:track:4NLfKIsRhP1cve1kcrYg40,https://api.spotify.com/v1/tracks/4NLfKIsRhP1cve1kcrYg40,https://api.spotify.com/v1/audio-analysis/4NLfKIsRhP1cve1kcrYg40,164053,4,220
0.711,0.711,4,-5.691,1,0.0896,0.103,0.0,0.971,0.743,131.813,audio_features,5fY9bVl1Wj4PIM3wnduWop,spotify:track:5fY9bVl1Wj4PIM3wnduWop,https://api.spotify.com/v1/tracks/5fY9bVl1Wj4PIM3wnduWop,https://api.spotify.com/v1/audio-analysis/5fY9bVl1Wj4PIM3wnduWop,156371,4,222
0.599,0.686,5,-5.647,0,0.06,0.598,0.0,0.114,0.575,74.903,audio_features,28kNbvupVtJ6cPmGvAT58O,spotify:track:28kNbvupVtJ6cPmGvAT58O,https://api.spotify.com/v1/tracks/28kNbvupVtJ6cPmGvAT58O,https://api.spotify.com/v1/audio-analysis/28kNbvupVtJ6cPmGvAT58O,154176,4,224
0.696,0.714,2,-4.6,1,0.0306,0.71,0.0,0.425,0.65,112.03,audio_features,048cjnG3o8hoszGE2fpZEr,spotify:track:048cjnG3o8hoszGE2fpZEr,https://api.spotify.com/v1/tracks/048cjnG3o8hoszGE2fpZEr,https://api.spotify.com/v1/audio-analysis/048cjnG3o8hoszGE2fpZEr,196608,4,226
0.577,0.941,1,-6.567,1,0.0551,0.0036,0.697,0.211,0.517,143.016,audio_features,0vtR1BWnjKvzs85eqcC5gn,spotify:track:0vtR1BWnjKvzs85eqcC5gn,https://api.spotify.com/v1/tracks/0vtR1BWnjKvzs85eqcC5gn,https://api.spotify.com/v1/audio-analysis/0vtR1BWnjKvzs85eqcC5gn,406154,4,228
0.63,0.926,2,-5.319,1,0.137,0.117,0.725,0.366,0.335,139.966,audio_features,42RMdCiD2cjImQj3yIgI1T,spotify:track:42RMdCiD2cjImQj3yIgI1T,https://api.spotify.com/v1/tracks/42RMdCiD2cjImQj3yIgI1T,https://api.spotify.com/v1/audio-analysis/42RMdCiD2cjImQj3yIgI1T,291429,4,230
0.582,0.46,11,-7.086,0,0.0802,0.019,0.395,0.387,0.0829,127.995,audio_features,3z4ojKmiVKXdsOxRUBuNSF,spotify:track:3z4ojKmiVKXdsOxRUBuNSF,https://api.spotify.com/v1/tracks/3z4ojKmiVKXdsOxRUBuNSF,https://api.spotify.com/v1/audio-analysis/3z4ojKmiVKXdsOxRUBuNSF,339375,4,232
0.689,0.867,11,-7.35,0,0.0814,0.00765,0.348,0.338,0.369,138.023,audio_features,7glUdHk3PMaHvuXg5OV337,spotify:track:7glUdHk3PMaHvuXg5OV337,https://api.spotify.com/v1/tracks/7glUdHk3PMaHvuXg5OV337,https://api.spotify.com/v1/audio-analysis/7glUdHk3PMaHvuXg5OV337,420870,4,234
0.713,0.649,2,-6.537,1,0.0642,0.0261,0.524,0.197,0.074,137.995,audio_features,0Memc4WL8oO0xUnkXCsNnV,spotify:track:0Memc4WL8oO0xUnkXCsNnV,https://api.spotify.com/v1/tracks/0Memc4WL8oO0xUnkXCsNnV,https://api.spotify.com/v1/audio-analysis/0Memc4WL8oO0xUnkXCsNnV,394783,4,236
0.48,0.864,5,-5.663,1,0.182,0.0161,0.192,0.19,0.0714,140.033,audio_features,2wG2zxj4G6A5NuYBfKkCY1,spotify:track:2wG2zxj4G6A5NuYBfKkCY1,https://api.spotify.com/v1/tracks/2wG2zxj4G6A5NuYBfKkCY1,https://api.spotify.com/v1/audio-analysis/2wG2zxj4G6A5NuYBfKkCY1,392425,4,238
0.496,0.776,4,-6.639,0,0.0804,0.0127,0.782,0.426,0.145,136.058,audio_features,7DH9S5lGbcRD1FoWtkyun1,spotify:track:7DH9S5lGbcRD1FoWtkyun1,https://api.spotify.com/v1/tracks/7DH9S5lGbcRD1FoWtkyun1,https://api.spotify.com/v1/audio-analysis/7DH9S5lGbcRD1FoWtkyun1,381176,4,240
0.635,0.886,4,-5.007,0,0.156,0.104,0.00762,0.0824,0.134,140.015,audio_features,2BmwXAUDtEzKw4RGtHJu5B,spotify:track:2BmwXAUDtEzKw4RGtHJu5B,https://api.spotify.com/v1/tracks/2BmwXAUDtEzKw4RGtHJu5B,https://api.spotify.com/v1/audio-analysis/2BmwXAUDtEzKw4RGtHJu5B,312161,4,242
0.716,0.94,1,-5.443,1,0.0539,0.00799,0.728,0.0807,0.737,128.015,audio_features,0rK3a7tLRVgJBoc2DP3tIX,spotify:track:0rK3a7tLRVgJBoc2DP3tIX,https://api.spotify.com/v1/tracks/0rK3a7tLRVgJBoc2DP3tIX,https://api.spotify.com/v1/audio-analysis/0rK3a7tLRVgJBoc2DP3tIX,203438,4,244
0.711,0.922,1,-4.342,1,0.0887,0.00363,0.033,0.334,0.432,128.035,audio_features,55NFZV4mg6VcXvoB0M65d0,spotify:track:55NFZV4mg6VcXvoB0M65d0,https://api.spotify.com/v1/tracks/55NFZV4mg6VcXvoB0M65d0,https://api.spotify.com/v1/audio-analysis/55NFZV4mg6VcXvoB0M65d0,191250,4,246
0.721,0.773,2,-5.2,0,0.0401,0.00766,0.00874,0.0791,0.395,129.997,audio_features,0vMAY6AodrM6yXH8Gi9Xzq,spotify:track:0vMAY6AodrM6yXH8Gi9Xzq,https://api.spotify.com/v1/tracks/0vMAY6AodrM6yXH8Gi9Xzq,https://api.spotify.com/v1/audio-analysis/0vMAY6AodrM6yXH8Gi9Xzq,169635,4,248
0.795,0.951,5,-4.838,1,0.0573,0.000614,0.72,0.132,0.872,125.02,audio_features,3yYqfGNpGlIyZJvWEcXgnF,spotify:track:3yYqfGNpGlIyZJvWEcXgnF,https://api.spotify.com/v1/tracks/3yYqfGNpGlIyZJvWEcXgnF,https://api.spotify.com/v1/audio-analysis/3yYqfGNpGlIyZJvWEcXgnF,193920,4,250
0.75,0.87,11,-7.109,1,0.055,0.00166,0.607,0.11,0.966,125.996,audio_features,02QE4LsAj7DBjMRxolGE8a,spotify:track:02QE4LsAj7DBjMRxolGE8a,https://api.spotify.com/v1/tracks/02QE4LsAj7DBjMRxolGE8a,https://api.spotify.com/v1/audio-analysis/02QE4LsAj7DBjMRxolGE8a,175856,4,252
0.836,0.822,1,-3.825,1,0.123,0.012,0.726,0.327,0.674,125.028,audio_features,5HNFg7gEF5ZSO5FenrA1Pe,spotify:track:5HNFg7gEF5ZSO5FenrA1Pe,https://api.spotify.com/v1/tracks/5HNFg7gEF5ZSO5FenrA1Pe,https://api.spotify.com/v1/audio-analysis/5HNFg7gEF5ZSO5FenrA1Pe,172850,4,254
0.803,0.922,6,-6.487,0,0.0447,0.0136,0.777,0.146,0.796,126.021,audio_features,42R4QvzLx9RjoZERFzgmA1,spotify:track:42R4QvzLx9RjoZERFzgmA1,https://api.spotify.com/v1/tracks/42R4QvzLx9RjoZERFzgmA1,https://api.spotify.com/v1/audio-analysis/42R4QvzLx9RjoZERFzgmA1,192381,4,256
0.488,0.889,6,-6.412,0,0.0812,0.00451,0.314,0.122,0.172,103.675,audio_features,0SLQbwOhbFGyURuTYGakwm,spotify:track:0SLQbwOhbFGyURuTYGakwm,https://api.spotify.com/v1/tracks/0SLQbwOhbFGyURuTYGakwm,https://api.spotify.com/v1/audio-analysis/0SLQbwOhbFGyURuTYGakwm,219130,4,258
0.681,0.844,7,-4.946,1,0.085,0.00202,0.598,0.197,0.113,138.001,audio_features,6os9643rEHOcUb3QrMRc5j,spotify:track:6os9643rEHOcUb3QrMRc5j,https://api.spotify.com/v1/tracks/6os9643rEHOcUb3QrMRc5j,https://api.spotify.com/v1/audio-analysis/6os9643rEHOcUb3QrMRc5j,415652,4,260
0.613,0.839,7,-6.017,1,0.217,0.1,0.447,0.0939,0.256,135.024,audio_features,1MBCl972XW4ANhLQMCZ6Tv,spotify:track:1MBCl972XW4ANhLQMCZ6Tv,https://api.spotify.com/v1/tracks/1MBCl972XW4ANhLQMCZ6Tv,https://api.spotify.com/v1/audio-analysis/1MBCl972XW4ANhLQMCZ6Tv,426667,4,262
0.439,0.863,1,-5.77,1,0.0472,0.307,0.857,0.115,0.594,126.273,audio_features,2bwqslkQUqcfme3JEMKY6A,spotify:track:2bwqslkQUqcfme3JEMKY6A,https://api.spotify.com/v1/tracks/2bwqslkQUqcfme3JEMKY6A,https://api.spotify.com/v1/audio-analysis/2bwqslkQUqcfme3JEMKY6A,206999,4,264
0.655,0.972,1,-8.003,1,0.0528,0.0168,0.837,0.328,0.638,129.989,audio_features,5s0BJQA5fFGbEJOcpeMA5K,spotify:track:5s0BJQA5fFGbEJOcpeMA5K,https://api.spotify.com/v1/tracks/5s0BJQA5fFGbEJOcpeMA5K,https://api.spotify.com/v1/audio-analysis/5s0BJQA5fFGbEJOcpeMA5K,187125,4,266
0.579,0.768,1,-5.34,1,0.0391,0.679,0.0,0.467,0.81,155.943,audio_features,1kWcd9h9HoeXsKaDVhSOtj,spotify:track:1kWcd9h9HoeXsKaDVhSOtj,https://api.spotify.com/v1/tracks/1kWcd9h9HoeXsKaDVhSOtj,https://api.spotify.com/v1/audio-analysis/1kWcd9h9HoeXsKaDVhSOtj,196988,4,268
0.498,0.82,2,-5.337,1,0.0398,0.46,0.0,0.995,0.574,149.818,audio_features,3Y4Hb9pm222fOawpKVZXny,spotify:track:3Y4Hb9pm222fOawpKVZXny,https://api.spotify.com/v1/tracks/3Y4Hb9pm222fOawpKVZXny,https://api.spotify.com/v1/audio-analysis/3Y4Hb9pm222fOawpKVZXny,469044,4,270
0.564,0.612,2,-6.456,1,0.0332,0.616,0.0,0.874,0.624,143.752,audio_features,6styQIEeflfqXDljJLzcen,spotify:track:6styQIEeflfqXDljJLzcen,https://api.spotify.com/v1/tracks/6styQIEeflfqXDljJLzcen,https://api.spotify.com/v1/audio-analysis/6styQIEeflfqXDljJLzcen,174286,4,272
0.538,0.651,10,-5.805,1,0.0336,0.801,0.0,0.948,0.544,148.03,audio_features,3FOOdP48VrHCAviC34L84Q,spotify:track:3FOOdP48VrHCAviC34L84Q,https://api.spotify.com/v1/tracks/3FOOdP48VrHCAviC34L84Q,https://api.spotify.com/v1/audio-analysis/3FOOdP48VrHCAviC34L84Q,201378,4,274
0.502,0.49,9,-9.99,1,0.068,0.641,5.66e-05,0.76,0.708,153.848,audio_features,0ja80k9GL9aR5IZ79tQHVX,spotify:track:0ja80k9GL9aR5IZ79tQHVX,https://api.spotify.com/v1/tracks/0ja80k9GL9aR5IZ79tQHVX,https://api.spotify.com/v1/audio-analysis/0ja80k9GL9aR5IZ79tQHVX,274320,4,276
0.626,0.746,7,-7.475,1,0.0402,0.698,0.0,0.687,0.759,104.079,audio_features,6S9HBK7NeXlPYFb2F6DIWu,spotify:track:6S9HBK7NeXlPYFb2F6DIWu,https://api.spotify.com/v1/tracks/6S9HBK7NeXlPYFb2F6DIWu,https://api.spotify.com/v1/audio-analysis/6S9HBK7NeXlPYFb2F6DIWu,231026,4,278
0.499,0.533,0,-11.565,1,0.0358,0.505,0.00781,0.956,0.591,131.409,audio_features,3K0pvRLfYumuUTFFTVmcTT,spotify:track:3K0pvRLfYumuUTFFTVmcTT,https://api.spotify.com/v1/tracks/3K0pvRLfYumuUTFFTVmcTT,https://api.spotify.com/v1/audio-analysis/3K0pvRLfYumuUTFFTVmcTT,283000,4,280
0.788,0.688,0,-7.309,1,0.0994,0.183,0.0,0.0382,0.855,81.615,audio_features,0QTUCD4RQiizeoN8pFVxdp,spotify:track:0QTUCD4RQiizeoN8pFVxdp,https://api.spotify.com/v1/tracks/0QTUCD4RQiizeoN8pFVxdp,https://api.spotify.com/v1/audio-analysis/0QTUCD4RQiizeoN8pFVxdp,174000,4,282
0.654,0.514,10,-12.432,1,0.0413,0.684,0.0,0.107,0.712,128.525,audio_features,2XCF9zbOTpv4VfuQxahluA,spotify:track:2XCF9zbOTpv4VfuQxahluA,https://api.spotify.com/v1/tracks/2XCF9zbOTpv4VfuQxahluA,https://api.spotify.com/v1/audio-analysis/2XCF9zbOTpv4VfuQxahluA,223267,4,284
0.727,0.582,7,-10.664,1,0.0419,0.121,0.000737,0.123,0.719,127.923,audio_features,1G2H6tk0DDe8hpAtrVWAgk,spotify:track:1G2H6tk0DDe8hpAtrVWAgk,https://api.spotify.com/v1/tracks/1G2H6tk0DDe8hpAtrVWAgk,https://api.spotify.com/v1/audio-analysis/1G2H6tk0DDe8hpAtrVWAgk,292667,4,286
0.69,0.817,11,-4.986,0,0.0616,0.545,0.000256,0.729,0.887,91.887,audio_features,7EhPd9XxfeGYX9iJKJIfAK,spotify:track:7EhPd9XxfeGYX9iJKJIfAK,https://api.spotify.com/v1/tracks/7EhPd9XxfeGYX9iJKJIfAK,https://api.spotify.com/v1/audio-analysis/7EhPd9XxfeGYX9iJKJIfAK,210400,4,288
0.473,0.757,5,-8.394,1,0.0783,0.708,0.0,0.788,0.581,113.893,audio_features,6AHsV0Wb4t3ttgs5P4wsf6,spotify:track:6AHsV0Wb4t3ttgs5P4wsf6,https://api.spotify.com/v1/tracks/6AHsV0Wb4t3ttgs5P4wsf6,https://api.spotify.com/v1/audio-analysis/6AHsV0Wb4t3ttgs5P4wsf6,276853,4,290
0.582,0.849,5,-6.077,1,0.0824,0.613,0.0,0.399,0.751,107.821,audio_features,7J2RMFshmECYWWxwZ6qEug,spotify:track:7J2RMFshmECYWWxwZ6qEug,https://api.spotify.com/v1/tracks/7J2RMFshmECYWWxwZ6qEug,https://api.spotify.com/v1/audio-analysis/7J2RMFshmECYWWxwZ6qEug,189720,4,292
0.457,0.563,9,-7.994,0,0.0544,0.751,0.000133,0.763,0.781,93.077,audio_features,1oo38XGzRNl41rH1ZCRciU,spotify:track:1oo38XGzRNl41rH1ZCRciU,https://api.spotify.com/v1/tracks/1oo38XGzRNl41rH1ZCRciU,https://api.spotify.com/v1/audio-analysis/1oo38XGzRNl41rH1ZCRciU,204773,4,294
0.698,0.744,2,-6.949,1,0.0509,0.652,0.0,0.125,0.945,107.065,audio_features,1f0W7YIdWXuJ70ZU6j5VBA,spotify:track:1f0W7YIdWXuJ70ZU6j5VBA,https://api.spotify.com/v1/tracks/1f0W7YIdWXuJ70ZU6j5VBA,https://api.spotify.com/v1/audio-analysis/1f0W7YIdWXuJ70ZU6j5VBA,198533,4,296
0.723,0.669,9,-10.727,1,0.058,0.478,1.22e-06,0.0778,0.899,111.712,audio_features,4R3KThu3ex03ri8KJYsvdz,spotify:track:4R3KThu3ex03ri8KJYsvdz,https://api.spotify.com/v1/tracks/4R3KThu3ex03ri8KJYsvdz,https://api.spotify.com/v1/audio-analysis/4R3KThu3ex03ri8KJYsvdz,159667,4,298
0.674,0.742,5,-9.471,1,0.102,0.204,4.29e-06,0.694,0.87,115.345,audio_features,1gL7NKbYqjMz1mvJeK1y5T,spotify:track:1gL7NKbYqjMz1mvJeK1y5T,https://api.spotify.com/v1/tracks/1gL7NKbYqjMz1mvJeK1y5T,https://api.spotify.com/v1/audio-analysis/1gL7NKbYqjMz1mvJeK1y5T,174093,4,200
0.711,0.694,2,-6.271,1,0.0345,0.47,0.0,0.0783,0.822,110.04,audio_features,0ONAzA6lvUfGqvmT8QsfD5,spotify:track:0ONAzA6lvUfGqvmT8QsfD5,https://api.spotify.com/v1/tracks/0ONAzA6lvUfGqvmT8QsfD5,https://api.spotify.com/v1/audio-analysis/0ONAzA6lvUfGqvmT8QsfD5,243133,4,202
0.449,0.765,9,-7.707,1,0.183,0.738,0.0,0.951,0.654,118.254,audio_features,5KReogEW4oBWjHHYzO7DKh,spotify:track:5KReogEW4oBWjHHYzO7DKh,https://api.spotify.com/v1/tracks/5KReogEW4oBWjHHYzO7DKh,https://api.spotify.com/v1/audio-analysis/5KReogEW4oBWjHHYzO7DKh,144187,4,204
0.738,0.56,2,-9.963,1,0.0482,0.608,0.0045,0.126,0.645,157.946,audio_features,1KlC2yGobg0mBMAIJ3OrX2,spotify:track:1KlC2yGobg0mBMAIJ3OrX2,https://api.spotify.com/v1/tracks/1KlC2yGobg0mBMAIJ3OrX2,https://api.spotify.com/v1/audio-analysis/1KlC2yGobg0mBMAIJ3OrX2,282293,4,206
0.669,0.629,9,-10.461,1,0.0405,0.232,0.0,0.0931,0.924,111.598,audio_features,2CoKGyZavJWTFUPyvWoj0b,spotify:track:2CoKGyZavJWTFUPyvWoj0b,https://api.spotify.com/v1/tracks/2CoKGyZavJWTFUPyvWoj0b,https://api.spotify.com/v1/audio-analysis/2CoKGyZavJWTFUPyvWoj0b,258987,4,208
0.563,0.886,9,-9.008,1,0.0993,0.0479,7.33e-05,0.0384,0.717,89.234,audio_features,6eDMElxeeKXs4DHTb0dGP0,spotify:track:6eDMElxeeKXs4DHTb0dGP0,https://api.spotify.com/v1/tracks/6eDMElxeeKXs4DHTb0dGP0,https://api.spotify.com/v1/audio-analysis/6eDMElxeeKXs4DHTb0dGP0,256363,4,210
0.782,0.944,2,-6.654,0,0.0373,0.194,9.58e-05,0.0857,0.963,144.068,audio_features,7wJFDC12Uisncv0UVdRj9e,spotify:track:7wJFDC12Uisncv0UVdRj9e,https://api.spotify.com/v1/tracks/7wJFDC12Uisncv0UVdRj9e,https://api.spotify.com/v1/audio-analysis/7wJFDC12Uisncv0UVdRj9e,131000,4,212
0.481,0.284,11,-14.762,0,0.186,0.634,0.000168,0.91,0.528,83.979,audio_features,02a8cGumnKuEPgoCzmalJp,spotify:track:02a8cGumnKuEPgoCzmalJp,https://api.spotify.com/v1/tracks/02a8cGumnKuEPgoCzmalJp,https://api.spotify.com/v1/audio-analysis/02a8cGumnKuEPgoCzmalJp,190533,3,214
0.675,0.449,4,-14.164,0,0.0613,0.541,0.00337,0.069,0.803,91.773,audio_features,2TI5GBkbrrFtZRM5v1heeb,spotify:track:2TI5GBkbrrFtZRM5v1heeb,https://api.spotify.com/v1/tracks/2TI5GBkbrrFtZRM5v1heeb,https://api.spotify.com/v1/audio-analysis/2TI5GBkbrrFtZRM5v1heeb,184000,4,216
0.568,0.574,4,-8.993,0,0.0683,0.468,0.0,0.362,0.68,107.821,audio_features,2GAFZG9Z7UGS1iMm4Idrnr,spotify:track:2GAFZG9Z7UGS1iMm4Idrnr,https://api.spotify.com/v1/tracks/2GAFZG9Z7UGS1iMm4Idrnr,https://api.spotify.com/v1/audio-analysis/2GAFZG9Z7UGS1iMm4Idrnr,235547,4,218
0.455,0.391,4,-12.343,1,0.0342,0.157,0.000599,0.16,0.41,125.171,audio_features,04h9o3gtRD7fvGafF7ukJj,spotify:track:04h9o3gtRD7fvGafF7ukJj,https://api.spotify.com/v1/tracks/04h9o3gtRD7fvGafF7ukJj,https://api.spotify.com/v1/audio-analysis/04h9o3gtRD7fvGafF7ukJj,243184,4,220
0.65,0.78,11,-6.676,0,0.13,0.275,0.0,0.136,0.863,135.006,audio_features,54BLy0zSiBUOINjOwMC3M2,spotify:track:54BLy0zSiBUOINjOwMC3M2,https://api.spotify.com/v1/tracks/54BLy0zSiBUOINjOwMC3M2,https://api.spotify.com/v1/audio-analysis/54BLy0zSiBUOINjOwMC3M2,231000,4,222
0.563,0.672,0,-9.355,1,0.24,0.461,0.0,0.162,0.902,87.895,audio_features,6nh6evb5VLgofLfsDQZe6X,spotify:track:6nh6evb5VLgofLfsDQZe6X,https://api.spotify.com/v1/tracks/6nh6evb5VLgofLfsDQZe6X,https://api.spotify.com/v1/audio-analysis/6nh6evb5VLgofLfsDQZe6X,158133,4,224
0.506,0.794,11,-5.884,0,0.0551,0.639,3.45e-05,0.0763,0.731,154.582,audio_features,5iq4NDi4fznJJRLL1rXNE4,spotify:track:5iq4NDi4fznJJRLL1rXNE4,https://api.spotify.com/v1/tracks/5iq4NDi4fznJJRLL1rXNE4,https://api.spotify.com/v1/audio-analysis/5iq4NDi4fznJJRLL1rXNE4,266867,4,226
0.605,0.662,10,-6.993,1,0.0924,0.432,0.0,0.116,0.953,93.771,audio_features,0m3hiKjI2QGSKxvG732Ekq,spotify:track:0m3hiKjI2QGSKxvG732Ekq,https://api.spotify.com/v1/tracks/0m3hiKjI2QGSKxvG732Ekq,https://api.spotify.com/v1/audio-analysis/0m3hiKjI2QGSKxvG732Ekq,162360,4,228
0.485,0.259,9,-14.573,1,0.0578,0.939,0.000323,0.11,0.519,83.637,audio_features,1xCbDvw3UNReOWq9BbAThc,spotify:track:1xCbDvw3UNReOWq9BbAThc,https://api.spotify.com/v1/tracks/1xCbDvw3UNReOWq9BbAThc,https://api.spotify.com/v1/audio-analysis/1xCbDvw3UNReOWq9BbAThc,235533,4,230
0.539,0.745,9,-7.854,0,0.0279,0.451,0.000239,0.103,0.78,99.92,audio_features,661Ns9G25zHdih4qVshBO7,spotify:track:661Ns9G25zHdih4qVshBO7,https://api.spotify.com/v1/tracks/661Ns9G25zHdih4qVshBO7,https://api.spotify.com/v1/audio-analysis/661Ns9G25zHdih4qVshBO7,288160,4,232
0.687,0.612,7,-6.329,1,0.0322,0.472,0.0,0.0886,0.962,121.021,audio_features,0jAbBolC53vVe33ouZ7D4a,spotify:track:0jAbBolC53vVe33ouZ7D4a,https://api.spotify.com/v1/tracks/0jAbBolC53vVe33ouZ7D4a,https://api.spotify.com/v1/audio-analysis/0jAbBolC53vVe33ouZ7D4a,168267,4,234
0.7,0.509,4,-8.622,0,0.0582,0.599,0.0,0.151,0.867,155.707,audio_features,0V7iPl67ctA3MioAzO2ae5,spotify:track:0V7iPl67ctA3MioAzO2ae5,https://api.spotify.com/v1/tracks/0V7iPl67ctA3MioAzO2ae5,https://api.spotify.com/v1/audio-analysis/0V7iPl67ctA3MioAzO2ae5,171040,4,236
0.653,0.647,4,-7.028,1,0.0437,0.201,0.0,0.0753,0.936,156.28,audio_features,3zcBNmJH6ToRCI0WNEIuES,spotify:track:3zcBNmJH6ToRCI0WNEIuES,https://api.spotify.com/v1/tracks/3zcBNmJH6ToRCI0WNEIuES,https://api.spotify.com/v1/audio-analysis/3zcBNmJH6ToRCI0WNEIuES,256693,4,238
0.494,0.691,9,-7.233,1,0.0368,0.0599,0.00633,0.0649,0.722,111.175,audio_features,1DYzTTaSD8KsmzedIuZTO7,spotify:track:1DYzTTaSD8KsmzedIuZTO7,https://api.spotify.com/v1/tracks/1DYzTTaSD8KsmzedIuZTO7,https://api.spotify.com/v1/audio-analysis/1DYzTTaSD8KsmzedIuZTO7,288933,4,240
0.497,0.56,1,-9.416,1,0.0455,0.858,0.0,0.162,0.938,79.79,audio_features,3fBWfH89kvBdmDO9Ieus6j,spotify:track:3fBWfH89kvBdmDO9Ieus6j,https://api.spotify.com/v1/tracks/3fBWfH89kvBdmDO9Ieus6j,https://api.spotify.com/v1/audio-analysis/3fBWfH89kvBdmDO9Ieus6j,131680,4,242
0.815,0.528,9,-11.822,1,0.0496,0.365,0.0269,0.0632,0.809,125.175,audio_features,3RCoY39kzmHdnvCvHeGh3K,spotify:track:3RCoY39kzmHdnvCvHeGh3K,https://api.spotify.com/v1/tracks/3RCoY39kzmHdnvCvHeGh3K,https://api.spotify.com/v1/audio-analysis/3RCoY39kzmHdnvCvHeGh3K,314240,4,244
0.529,0.299,2,-12.048,1,0.0418,0.708,0.0,0.101,0.666,127.902,audio_features,7J42bT9SnqnVJH4e4CMA8u,spotify:track:7J42bT9SnqnVJH4e4CMA8u,https://api.spotify.com/v1/tracks/7J42bT9SnqnVJH4e4CMA8u,https://api.spotify.com/v1/audio-analysis/7J42bT9SnqnVJH4e4CMA8u,260133,4,246
0.582,0.633,0,-10.843,0,0.106,0.379,0.0,0.313,0.906,137.384,audio_features,0QSFBx4LlChEpPlzPLChNJ,spotify:track:0QSFBx4LlChEpPlzPLChNJ,https://api.spotify.com/v1/tracks/0QSFBx4LlChEpPlzPLChNJ,https://api.spotify.com/v1/audio-analysis/0QSFBx4LlChEpPlzPLChNJ,174867,4,248
0.881,0.661,11,-7.681,0,0.0343,0.098,0.0187,0.101,0.965,124.023,audio_features,5PNvgiKSwMdjBsDsgFCFLX,spotify:track:5PNvgiKSwMdjBsDsgFCFLX,https://api.spotify.com/v1/tracks/5PNvgiKSwMdjBsDsgFCFLX,https://api.spotify.com/v1/audio-analysis/5PNvgiKSwMdjBsDsgFCFLX,181306,4,250
0.796,0.584,0,-9.733,1,0.0518,0.00133,0.874,0.0705,0.319,123.995,audio_features,4csaXkHoXZOvjvM9PmokCK,spotify:track:4csaXkHoXZOvjvM9PmokCK,https://api.spotify.com/v1/tracks/4csaXkHoXZOvjvM9PmokCK,https://api.spotify.com/v1/audio-analysis/4csaXkHoXZOvjvM9PmokCK,326000,4,252
